{"stone": 12.0, "clay": 8.4, "obsidian": 72.72727272727273, "thorny_twig": 40.0, "bone": 19.047619047619047, "jute_string": 16.0, "egg": 107.42857142857143, "wool": 584.0, "milk": 1157.7142857142858, "stone_splinter": 26.666666666666668, "diamond": 234.66666666666666}