{
	"energy": 4.0,
	"stone": 12.0,
	"clay": 8.4,
	"obsidian": 72.72727272727273,
	"thorny_twig": 40.0,
	"bone": 19.047619047619047,
	"jute_string": 16.0,
	"egg": 107.42857142857143,
	"wool": 584.0,
	"milk": 1157.7142857142858,
	"stone_splinter": 26.666666666666668,
	"diamond": 234.66666666666666,
	"citrin": 208.0,
	"jade": 174.66666666666666,
	"jasper": 141.33333333333334,
	"small_copper_ore": 114.66666666666667,
	"small_iron_ore": 86.0952380952381,
	"savannah_rock": 6.666666666666667,
	"savannah_grass": 5.714285714285714,
	"earthworm": 23.52941176470588,
	"pearl": 139.44052287581698,
	"bug": 149.33333333333334,
	"green_worm": 368.0
}
