{
	"energy": 4.0,
	"ruby": 40.0,
	"shell": 0.6,
	"food": 36.0,
	"radish": 4.3999999999999995,
	"beans": 19.866666666666667,
	"tomatoes": 68.26666666666667,
	"corn": 196.66666666666666,
	"wheat": 389.06666666666666,
	"banana": 1560.0,
	"berries_violet": 592.0,
	"coconut": 2366.0,
	"pumpkin": 775.0666666666666,
	"onions_black": 37.46666666666667,
	"carrots": 134.26666666666668,
	"melons_horny": 875.5,
	"grapes": 598.0,
	"strawberries": 61.0,
	"flax": 585.4,
	"pepper_chili": 114.5,
	"potatoes": 402.6666666666667,
	"truffles": 3554.0,
	"eggplant": 585.6666666666666,
	"lemon": 598.0,
	"rice": 156.66666666666666,
	"obsidian": 72.72727272727273,
	"thorny_twig": 40.0,
	"bone": 19.047619047619047,
	"jute_string": 16.0,
	"wood": 2.0,
	"glass": 150.0,
	"pergament": 120.0,
	"gold_chain": 60.0,
	"torch": 60.0,
	"salt": 1.2,
	"sugar": 2.4,
	"yeast": 3.6,
	"candy": 6.0,
	"fishing_lure": 18.0,
	"food_radish_salad": 2.4999999999999996,
	"food_bean_stew": 8.066666666666666,
	"food_tomatoe_soup": 31.6,
	"food_corn_pie": 87.54074074074074,
	"food_coco_porridge": 821.6444444444445,
	"food_strawberrie_soup": 28.114666666666665,
	"food_pumpkin_pie": 232.97066666666666,
	"food_carrot_stew": 54.362962962962975,
	"food_spicy_soup": 8.361904761904762,
	"food_barries_violet_drink": 493.6333333333333,
	"food_banana_cake": 520.2,
	"food_stuffed_eggplant": 114.1625,
	"rabbit": 45.2,
	"chicken": 177.8,
	"rope": 20.0,
	"nails": 44.0,
	"bundle_straw": 417.3333333333333,
	"plank": 12.0,
	"koala": 2146.0,
	"rooster": 428.0,
	"pig": 774.0,
	"pig_truffle": 14160.0,
	"chicken_brown": 296.0,
	"turtle": 2036.0,
	"sheep": 2914.0,
	"sheep_black": 3096.0,
	"tucan": 2076.0,
	"cat": 747.0,
	"cat_striped": 972.0,
	"cow": 6710.0,
	"cow_blue": 6920.0,
	"dog_lab": 3280.0,
	"dog_shep": 3280.0,
	"duck": 894.0,
	"hedgehog": 789.0,
	"duck_violet": 1036.0,
	"dog": 3061.0,
	"goat": 2296.0,
	"honey": 203.2,
	"bees_wax": 212.53333333333333,
	"bear": 1809.6000000000001,
	"worm_green": 23.866666666666667,
	"stone_splinter": 26.666666666666668,
	"platypus": 1488.8,
	"ostrich": 3372.0,
	"elephant": 6133.5,
	"meerkat": 303.0,
	"fox": 2671.0,
	"wallaby": 3910.7999999999997,
	"bug": 94.93333333333334,
	"water": 11.2,
	"food_reptile": 1210.0,
	"snake": 2962.0,
	"horse": 4771.0,
	"savannah_grass": 5.71,
	"savannah_rock": 6.67,
	"clay": 10.4,
	"stone": 10.4,
	"savannah_brick": 27.740000000000002,
	"savannah_grass_dried": 44.376666666666665,
	"zebra": 1630.13,
	"crocodile": 7858.0,
	"antelope": 3431.0,
	"sloth": 11373.0,
	"iron_ore": 113.97014925373134,
	"copper_ore": 120.12121212121212,
	"coal": 220.0,
	"iron": 1057.5402985074627,
	"stone_brick": 14.4,
	"cement": 173.8,
	"copper": 1312.2424242424242,
	"armature": 2163.0805970149254,
	"copper_wire": 2672.4848484848485,
	"iron_ore_small": 82.66666666666667,
	"copper_ore_small": 82.66666666666667,
	"diamond": 234.66666666666666,
	"citrin": 208.0,
	"jasper": 141.33333333333334,
	"jade": 174.66666666666666,
	"doubloon_bronze": 449.99700149925036,
	"doubloon_silver": 457.5135135135135,
	"doubloon_gold": 552.1081081081081,
	"gold_brick": 276.8216216216216,
	"iron_plate": 1081.5402985074627,
	"screws": 704.6646042514699,
	"reed_sickle": 16.71401592528757,
	"reeds": 20.71401592528757,
	"reed_bundle": 106.14204777586271,
	"llama": 2076.426143327588,
	"pandanus_fruit": 967.4324324324324,
	"mango": 844.1201201201201,
	"dragon_fruit": 662.6306306306305
}
