{
	"jasper": 33.333333333333336,
	"pearl": 33.333333333333336,
	"dark_magic_potion": 20.0,
	"obsidian": 72.72727272727273,
	"clay": 8.0,
	"fireoil": 44.44444444444444,
	"thorny_twig": 40.0,
	"bone": 19.047619047619047,
	"jute_string": 16.0,
	"egg": 11.428571428571429,
	"wool": 8.0,
	"milk": 5.714285714285714,
	"diamond": 80.0,
	"citrin": 66.66666666666667,
	"jade": 50.0,
	"small_copper_ore": 20.0,
	"bees_wax": 20.0,
	"poison": 13.333333333333334,
	"vulcano_rock": 10.0,
	"savannah_rock": 6.666666666666667,
	"aloe_blossom": 5.714285714285714,
	"small_iron_ore": 5.714285714285714,
	"savannah_grass": 5.714285714285714,
	"stone": 8.0,
	"water": 11.76470588235294,
	"flax": 571.4285714285714,
	"corn": 200.0,
	"violet_berries": 133.33333333333334,
	"wood": 8.0,
	"coal": 133.33333333333334,
	"iron_ore": 57.14285714285714,
	"copper_ore": 50.0,
	"cactus_flower": 1000.0,
	"limestone": 8.0,
	"earthworm": 23.52941176470588,
	"bug": 26.666666666666668,
	"green_worm": 40.0,
	"silk_thread": 16.0,
	"glass": 100.0,
	"pergament": 80.0,
	"gold_chain": 40.0,
	"green_powder": 8.0,
	"blue_powder": 4.0,
	"violet_powder": 6.0,
	"moon_apple": 100.0,
	"energy": 16.0
}
