{
	"energy": 4.0,
	"obsidian": 72.72727272727273,
	"thorny_twig": 40.0,
	"bone": 19.047619047619047,
	"jute_string": 16.0,
	"egg": 107.42857142857143,
	"wool": 584.0,
	"milk": 1157.7142857142858,
	"stone_splinter": 26.666666666666668,
	"diamond": 234.66666666666666,
	"citrin": 208.0,
	"jade": 174.66666666666666,
	"jasper": 141.33333333333334,
	"copper_ore_small": 114.66666666666667,
	"iron_ore_small": 86.0952380952381,
	"savannah_rock": 6.666666666666667,
	"savannah_grass": 5.714285714285714,
	"earthworm": 23.52941176470588,
	"pearl": 139.44052287581698,
	"water": 20.0,
	"stone": 10.4,
	"clay": 10.4,
	"wood": 2.0,
	"coal": 196.0,
	"fireoil": 1156.0,
	"rope": 20.0,
	"nails": 44.0,
	"plank": 12.0,
	"clay_brick": 42.4,
	"stone_brick": 14.4,
	"cement": 172.2,
	"iron2": 2279.4285714285716,
	"doubloon_gold": 2234.203346203346,
	"doubloon_silver": 2139.6087516087514,
	"doubloon_bronze": 2130.095238095238,
	"savannah_brick": 27.733333333333334,
	"savannah_grass_dried": 44.38095238095238,
	"gold_brick": 605.6978120978121,
	"clay_tile": 22.133333333333333,
	"decorative_brick": 18.4,
	"copper2": 1332.0,
	"bone_necklace": 62.095238095238095,
	"clay_pot": 164.8,
	"machete": 10.555555555555557,
	"machete_better": 19.885714285714286,
	"blossom_cactus": 1156.0,
	"petrol": 474.4,
	"plant_revival": 216.72727272727275,
	"souvenir_spider": 601.5477124183006,
	"souvenir_star": 1236.6060606060607,
	"souvenir_palm": 805.3333333333333,
	"shell": 0.6,
	"glass": 150,
	"pergament": 120,
	"gold_chain": 60,
	"salt": 1.2,
	"sugar": 2.4,
	"yest": 3.6,
	"candy": 6.0,
	"fishing_lure": 18.0,
	"small_fish": 36.32941176470588,
	"salmon": 68.32941176470588,
	"boot": 85.47226890756302,
	"striped_angelfish": 108.32941176470588,
	"seashell_amber": 94.99607843137255,
	"seashell_horn": 85.47226890756302,
	"green_worm": 128.0,
	"bug": 245.33333333333334,
	"shark_mini": 148.98461538461538,
	"royal_violet": 213.6,
	"seashell_pink": 137.6,
	"seashell_star": 200.26666666666665,
	"sea_cabbage": 284.53333333333336,
	"gold_fish": 344.53333333333336,
	"blue_guppy": 304.53333333333336,
	"seashell_royal": 331.20000000000005,
	"jellyfish": 68.66666666666667,
	"royal_crab": 82.0,
	"octopus": 108.66666666666667,
	"shark_hammerhead": 99.14285714285714,
	"clownfish": 62.0,
	"lion_fish": 82.0,
	"tomatoe": 194.66666666666666,
	"radish": 6.666666666666666,
	"beans": 50.666666666666664,
	"tomatoes": 194.66666666666666,
	"wheat": 1154.6666666666667,
	"coconut": 2308.0,
	"banana": 1156.0,
	"pumpkin": 2306.6666666666665,
	"black_onions": 98.66666666666667,
	"carrots": 386.6666666666667,
	"horny_melon": 1732.0,
	"grapes": 1156.0,
	"strawberries": 100.0,
	"flax": 1156.0,
	"corn": 578.6666666666666,
	"berries_violet": 578.0,
	"chilli_pepper": 434.0,
	"potatoes": 1154.6666666666667,
	"truffle": 3464.0,
	"eggplant": 1730.6666666666667,
	"lemon": 218.0,
	"rice": 434.6666666666667,
	"straw_bundle": 1181.3333333333333
}
