{
	"food_mushroom_pickled": 9.2,
	"food_mushroom_oyster_omelet": 326.42857142857144,
	"rabbit": 45.2,
	"crocodile": 7858.0,
	"fence_wood_short": 54.0,
	"hedge_corner_4": 204.0,
	"hedge_corner_2": 204.0,
	"milk": 8047.714285714286,
	"storage_food_stone": 7142.704761904763,
	"hedge_corner_1": 204.0,
	"palace_tile": 22.133333333333333,
	"copper_wire": 2672.4848484848485,
	"reed_sickle": 16.71401592528757,
	"decorative_brick": 18.4,
	"yeast": 3.6,
	"fence_plank_colored_3": 6073.704761904763,
	"fence_plank_colored_2": 6073.704761904763,
	"necklace_bone": 62.095238095238095,
	"pepper_chili": 114.5,
	"food_radish_salad": 9.999999999999998,
	"trough": 107.06666666666668,
	"llama": 2076.426143327588,
	"food_bean_stew": 80.66666666666667,
	"food_sushi": 1580.2588235294118,
	"wine_barrel": 14543.2,
	"fence_wood_long": 69.6,
	"sea_cabbage": 134.13333333333333,
	"fence_plank_colored": 6073.704761904763,
	"food_shark_hammerhead_lemons": 4885.5428571428565,
	"flower_box_violet": 35.2,
	"food_pretzel": 11424.533333333336,
	"statue_turtle_limestone": 485.8,
	"iron_ore": 113.97014925373134,
	"stool": 99.2,
	"poison": 4953.333333333333,
	"hedge_corner_3": 204.0,
	"worm_green": 23.866666666666667,
	"gold_fish": 194.13333333333333,
	"col_butterfly_romantic": 2683.5,
	"water": 11.2,
	"powder_purple": 120.0,
	"food_reptile": 1210.0,
	"bee_hive_pretty": 6555.704761904763,
	"reed_bundle": 106.14204777586271,
	"blossom_cactus": 1156.0,
	"radish": 4.3999999999999995,
	"fishing_lure": 18.0,
	"pig_truffle": 14160.0,
	"duck": 894.0,
	"sugar": 2.4,
	"flower_tall_pink": 36.0,
	"chicken_brown": 296.0,
	"flower_basket_woven": 248.8,
	"flower_tree_red": 195.8,
	"food_pumpkin_pie": 11648.533333333333,
	"table_clay": 562.4666666666666,
	"pearl": 88.3294117647059,
	"wood": 2.0,
	"mask_totem": 12167.409523809525,
	"diamond": 234.66666666666666,
	"axe_green": 243.30840336134455,
	"sheep_black": 3096.0,
	"hedge_6": 204.0,
	"flax": 585.4,
	"glass": 150.0,
	"shark_hammerhead": 99.14285714285714,
	"washing_line": 22336.0,
	"honey": 203.2,
	"rice": 156.66666666666666,
	"cat": 747.0,
	"machete_better": 19.428571428571427,
	"col_butterfly_pink": 822.6666666666666,
	"wisdom_owl": 150.0,
	"reeds": 20.71401592528757,
	"necklace_jasper": 534.6666666666667,
	"copper_ore": 120.12121212121212,
	"chair_lounge": 164.4,
	"pergament": 120.0,
	"weathervane": 2427.6805970149258,
	"doubloon_gold": 552.1081081081081,
	"arbor": 642.6666666666667,
	"clay_pot": 164.8,
	"lawn_1": 19.8,
	"storage_materials_modern": 1944.2049027589326,
	"lawn_2": 19.8,
	"stone_brick": 14.4,
	"elephant": 6133.5,
	"goat": 2296.0,
	"starfish_yellow": 36.0,
	"garden_sand": 6285.704761904763,
	"sand_sack": 12.0,
	"stool_wood": 54.0,
	"doubloon_silver_octopus": 122.0,
	"stone_garden_waterfall": 246.60000000000002,
	"plank": 12.0,
	"mushroom_oyster": 1.3333333333333333,
	"jellyfish": 68.66666666666667,
	"food_banana_cake": 6242.4,
	"starfish_orange": 36.0,
	"platypus": 1488.8,
	"coal": 220.0,
	"mango": 844.1201201201201,
	"bird_cage": 99.2,
	"fence_plank_short": 94.0,
	"cactus_pot": 195.8,
	"egg": 321.22857142857146,
	"hedgehog": 789.0,
	"antelope": 3431.0,
	"earthworm": 23.52941176470588,
	"rose_bed_big": 240.0,
	"cow_blue": 6920.0,
	"snowdrop": 36.0,
	"flowers_stump": 24.0,
	"food_eggplant_stuffed": 9133.0,
	"storage_wood_plank": 324.0,
	"fence_wood_corner_2": 54.0,
	"food": 36.0,
	"flour": 11361.333333333336,
	"food_fish_soup": 167.5843137254902,
	"snake": 2962.0,
	"sand_path": 9.0,
	"food_spicy_coco_soup": 36855.42857142857,
	"savannah_brick": 27.740000000000002,
	"potatoes": 402.6666666666667,
	"fireoil": 1156.0,
	"green_worm": 59.86666666666667,
	"doubloon_bronze": 449.99700149925036,
	"bone": 19.047619047619047,
	"turtle": 2036.0,
	"citrin": 208.0,
	"energy": 4.0,
	"clay_brick": 42.4,
	"tucan": 2076.0,
	"storage_food_modern": 1300.6646042514699,
	"zebra": 1630.13,
	"stone_garden_succulents": 526.8000000000001,
	"sign_angelfish": 36702.557983193285,
	"royal_rose": 923.0000000000001,
	"school_desk": 72.0,
	"food_spicy_soup": 234.13333333333335,
	"rose_bed_small": 165.0,
	"medicine": 15647.2,
	"aquarium_quad": 552.2666666666667,
	"horse": 4771.0,
	"col_butterfly_fire": 2660.642857142857,
	"flower_christmas": 54.0,
	"grapes": 598.0,
	"shark_mini": 80.85128205128206,
	"food_risotto": 6129.333333333334,
	"necklace_diamond": 486.66666666666663,
	"ostrich": 3372.0,
	"food_tomatoe_soup": 31.6,
	"jute_string": 16.0,
	"axe_blue": 263.3084033613446,
	"food_carrot_stew": 1957.066666666667,
	"medpack_crafted": 1310.4761904761904,
	"copper": 1312.2424242424242,
	"limestone": 8.0,
	"fence_plank_corner_2": 94.0,
	"sheep": 2914.0,
	"storage_wood_wood": 172.0,
	"path_ornamented": 477.51428571428573,
	"food_stuffed_eggplant": 114.1625,
	"rope_flax": 1174.8,
	"savannah_grass": 5.71,
	"banana": 1560.0,
	"shell": 0.6,
	"blue_guppy": 154.13333333333333,
	"flower_box_yellow": 35.2,
	"clay_mass": 2309.285714285714,
	"table_iron": 1243.5402985074627,
	"storage_food_wood": 172.0,
	"food_bread": 3894.2666666666664,
	"iron": 1057.5402985074627,
	"flowers_red": 36.0,
	"coconut": 2366.0,
	"cat_striped": 972.0,
	"carrots": 134.26666666666668,
	"powder_blue": 80.0,
	"table_wood": 92.0,
	"screws": 704.6646042514699,
	"koala": 2146.0,
	"food_berries_jam": 12.8,
	"flowers_blue": 30.0,
	"pool_plank": 932.0,
	"table_plank_colored": 6077.704761904763,
	"wax_figure": 2721.2857142857147,
	"iron_ore_small": 82.66666666666667,
	"salmon": 68.32941176470588,
	"table_vulcano_rock": 2879.0840336134456,
	"storage_materials_clay": 7030.104761904762,
	"food_corn_pie": 1575.7333333333333,
	"col_butterfly_blue": 3129.0666666666666,
	"machete": 10.555555555555557,
	"blossom_cactus2": 299.55555555555554,
	"aquarium_round": 448.93333333333334,
	"storage_shell_stone": 7142.704761904763,
	"storage_wood_clay": 7030.104761904762,
	"dog": 3061.0,
	"sea_shell": 54.99607843137255,
	"outhouse": 304.6666666666667,
	"storage_wood_modern": 1944.2049027589326,
	"food_dragon_fruit_cream": 3987.7837837837833,
	"obsidian": 72.72727272727273,
	"barrel": 124.66666666666667,
	"wine": 4748.400000000001,
	"salt": 1.2,
	"food_cactus_blossom_lemonade": 6969.6,
	"stone_splinter": 26.666666666666668,
	"blossom_aloe": 25.142857142857142,
	"chicken": 177.8,
	"food_tomato_soup": 410.8,
	"fence_stone_colored": 266.4,
	"savannah_rock": 6.67,
	"pool_clay": 3978.0000000000045,
	"hedge_1": 204.0,
	"royal_violet": 145.46666666666667,
	"hedge_3": 204.0,
	"hedge_2": 204.0,
	"hedge_5": 204.0,
	"hedge_4": 204.0,
	"fence_plank_long": 108.8,
	"fuel": 242.94857142857143,
	"wool": 3642.0,
	"pumpkin": 775.0666666666666,
	"fence_plank_corner_colored_4": 6073.704761904763,
	"fence_plank_corner_colored_1": 6073.704761904763,
	"bear": 1809.6000000000001,
	"fence_stone_corner_2": 266.4,
	"fence_stone_corner_3": 266.4,
	"fence_stone_corner_1": 266.4,
	"fence_stone_corner_4": 266.4,
	"souvenir_star": 1236.6060606060607,
	"silk": 268.0,
	"necklace_pearl": 501.6470588235295,
	"plant_shiny": 195.8,
	"armature": 2163.0805970149254,
	"stone_garden_cactus": 526.8000000000001,
	"food_shark_roast": 217.51794871794874,
	"jade": 174.66666666666666,
	"powder_green": 40.0,
	"thorny_twig": 40.0,
	"statue_bird_limestone": 485.8,
	"hourglass": 150.0,
	"flower_star_red": 36.0,
	"sign_shark": 36587.07985347986,
	"storage_food_plank": 324.0,
	"hammock": 22548.0,
	"stone_garden_flower": 246.60000000000002,
	"fence_stone": 266.4,
	"souvenir_spider": 499.3254901960785,
	"cloth_flax": 1760.1999999999998,
	"food_sea_cabbage_stew": 308.1333333333333,
	"melons_horny": 875.5,
	"cow": 6710.0,
	"col_butterfly_tricolor": 829.8095238095237,
	"food_truffle_julienne": 8653.6,
	"flowers_small_red": 19.8,
	"eggplant": 585.6666666666666,
	"wallaby": 3910.7999999999997,
	"necklace_jade": 601.3333333333333,
	"sloth": 11373.0,
	"color": 5979.704761904763,
	"food_salmon_smoked": 465.2627450980392,
	"flower_box_white": 35.2,
	"necklace_obsidian": 470.1818181818182,
	"table_plank": 136.4,
	"color_valuable": 328.1142857142857,
	"axe_purple": 283.3084033613445,