{"jasper": 33.333333333333336, "pearl": 33.333333333333336, "dark_magic_potion": 20.0, "obsidian": 72.72727272727273, "clay": 8.0, "fireoil": 44.44444444444444, "thorny_twig": 40.0, "bone": 19.047619047619047, "jute_string": 16.0, "egg": 11.428571428571429, "wool": 8.0, "milk": 5.714285714285714, "diamond": 80.0, "citrin": 66.66666666666667, "jade": 50.0, "small_copper_ore": 20.0, "bees_wax": 20.0, "poison": 13.333333333333334, "vulcano_rock": 10.0, "savannah_rock": 6.666666666666667, "aloe_blossom": 5.714285714285714, "small_iron_ore": 5.714285714285714, "savannah_grass": 5.714285714285714, "stone": 8.0, "water": 11.76470588235294, "flax": 57.1428571428571, "corn": 20.0, "violet_berries": 13.33333333333334, "wood": 8.0, "coal": 133.33333333333334, "iron_ore": 57.14285714285714, "copper_ore": 50.0, "cactus_flower": 1000.0, "limestone": 8.0, "earthworm": 23.52941176470588, "bug": 26.666666666666668, "green_worm": 40.0, "silk_thread": 16.0, "glass": 100.0, "pergament": 80.0, "gold_chain": 40.0, "green_powder": 8.0, "blue_powder": 4.0, "violet_powder": 6.0, "moon_apple": 100.0, "energy": 16.0, "time_eggs": 26.6666666666667, "time_wool": 133.3333333333333, "time_milk": 200.0, "rope": 32.0, "nails": 56.0, "reed_bundle": 88.0, "plank": 48.0, "cloth": 799.9999999999998, "clour": 328.888888888889, "clay_ball": 416.0000000000001, "clay_brick": 16.0, "iron": 1131.6526610644257, "stone_brick": 24.0, "cement": 129.64705882352942, "copper": 1701.9607843137255, "armature": 2263.3053221288515, "copper_wire": 3403.921568627451, "iron_plate": 565.8263305322129, "screw": 793.0532212885154, "cloth2": 187.4285714285713, "rope2": 130.28571428571422, "iron2": 1456.5826330532213, "clay_support": 361.1428571428571, "sharp_sponge": 43.529411764705884, "silk": 128.0, "tile": 37.333333333333336, "decorative_brick": 40.0, "copper2": 1353.7254901960785}