{
	"energy": 4.0,
	"obsidian": 72.72727272727273,
	"thorny_twig": 40.0,
	"bone": 19.047619047619047,
	"jute_string": 16.0,
	"egg": 107.42857142857143,
	"wool": 584.0,
	"milk": 1157.7142857142858,
	"stone_splinter": 26.666666666666668,
	"diamond": 234.66666666666666,
	"citrin": 208.0,
	"jade": 174.66666666666666,
	"jasper": 141.33333333333334,
	"small_copper_ore": 114.66666666666667,
	"small_iron_ore": 86.0952380952381,
	"savannah_rock": 6.666666666666667,
	"savannah_grass": 5.714285714285714,
	"earthworm": 23.52941176470588,
	"pearl": 139.44052287581698,
	"bug": 149.33333333333334,
	"green_worm": 368.0,
	"flax": 580.0,
	"water": 20.0,
	"stone": 10.4,
	"clay": 10.4,
	"corn": 290.6666666666667,
	"violet_berries": 290.0,
	"wood": 2.0,
	"coal": 196.0,
	"fireoil": 1156.0,
	"rope": 20.0,
	"nails": 44.0,
	"straw_bundle": 605.3333333333334,
	"plank": 12.0,
	"cloth": 1312.0,
	"color": 1071.904761904762,
	"clay_ball": 2231.885714285714,
	"clay_brick": 42.4,
	"torch": 1742.095238095238,
	"copper_ore": 1802.21645021645,
	"iron_ore": 1796.0653873489694,
	"iron": 4424.130774697938,
	"stone_brick": 14.4,
	"cement": 172.2,
	"copper": 4672.4329004329,
	"armature": 8896.261549395877,
	"copper_wire": 9392.8658008658,
	"iron_plate": 4448.130774697938,
	"screws": 2723.3388899657552,
	"cloth_crafted": 1744.0,
	"rope_crafted": 1164.0,
	"iron2": 2279.4285714285716,
	"clay_support": 1925.142857142857
}
