{"citrin": 291.3015873015873, "limestone": 1008.0, "earthworm": 1031.5294117647059, "blue_powder": 1346.1960784313726, "jade": 341.3015873015873, "copper_ore": 107.14285714285714, "small_copper_ore": 40.0, "pergament": 1294.1960784313726, "jasper": 374.6349206349206, "thorny_twig": 84.44444444444444, "milk": 144.63492063492063, "savannah rock": 30.000000000000004, "green_worm": 1098.1960784313726, "cactus_flower": 1000.0, "aloe_blossom": 12.380952380952381, "iron_ore": 57.14285714285714, "small_iron_ore": 18.095238095238095, "silk_thread": 1114.1960784313726, "poison": 13.333333333333334, "moon_apple": 1452.1960784313726, "pearl": 407.9682539682539, "violet_powder": 1352.1960784313726, "wood": 964.3361344537816, "savannah_grass": 23.80952380952381, "wool": 138.9206349206349, "corn": 823.0028011204482, "diamond": 224.63492063492063, "energy": 1468.1960784313726, "nails": 104.0, "obsidian": 72.72727272727273, "flax": 623.0028011204482, "water": 51.57422969187675, "glass": 1214.1960784313726, "green_powder": 1342.1960784313726, "bees_wax": 20.0, "vulcano_rock": 23.333333333333336, "bug": 1058.1960784313726, "violet_berries": 956.3361344537816, "stone": 31.80952380952381, "gold_chain": 1334.1960784313726, "clay": 39.80952380952381, "rope": 48.0, "coal": 1097.6694677871149, "fireoil": 44.44444444444444, "savannah_rock": 6.666666666666667, "jute_string": 119.4920634920635, "egg": 130.9206349206349, "bone": 103.4920634920635, "dark_magic_potion": 20.0}