{"antelope": 3431.0, "earthworm": 23.52941176470588, "rabbit": 45.2, "sloth": 11373.0, "stone_splinter": 26.666666666666668, "crocodile": 7858.0, "chicken": 177.8, "milk": 8047.714285714286, "copper_wire": 2672.4848484848485, "reed_sickle": 16.71401592528757, "savannah_rock": 6.67, "carrots": 134.26666666666668, "sugar": 2.4, "chicken_brown": 296.0, "food_pumpkin_pie": 232.97066666666666, "wood": 2.0, "rice": 156.66666666666666, "pumpkin": 775.0666666666666, "food_strawberrie_soup": 28.114666666666665, "yeast": 3.6, "food": 36.0, "bear": 1809.6000000000001, "wool": 3642.0, "pepper_chili": 114.5, "cat": 747.0, "snake": 2962.0, "llama": 2076.426143327588, "food_bean_stew": 8.066666666666666, "royal_crab": 82.0, "savannah_brick": 27.740000000000002, "potatoes": 402.6666666666667, "candy": 6.0, "goat": 2296.0, "sea_cabbage": 134.13333333333333, "green_worm": 59.86666666666667, "armature": 2163.0805970149254, "doubloon_bronze": 449.99700149925036, "iron_plate": 1081.5402985074627, "bone": 19.047619047619047, "turtle": 2036.0, "citrin": 208.0, "doubloon_silver_octopus": 122.0, "jade": 174.66666666666666, "torch": 60.0, "tucan": 2076.0, "zebra": 1630.13, "thorny_twig": 40.0, "food_barries_violet_drink": 493.6333333333333, "striped_angelfish": 108.32941176470588, "doubloon_silver": 457.5135135135135, "iron_ore": 113.97014925373134, "fox": 2671.0, "food_spicy_soup": 8.361904761904762, "old_key_shark": 165.46666666666667, "worm_green": 23.866666666666667, "corn": 196.66666666666666, "wheat": 389.06666666666666, "iron": 1057.5402985074627, "nails": 44.0, "clay": 10.4, "col_butterfly_romantic": 2683.5, "col_butterfly_fire": 2660.642857142857, "water": 11.2, "grapes": 598.0, "melons_horny": 875.5, "stone": 10.4, "cow": 6710.0, "col_butterfly_tricolor": 829.8095238095237, "ostrich": 3372.0, "food_tomatoe_soup": 31.6, "beans": 19.866666666666667, "eggplant": 585.6666666666666, "bundle_straw": 417.3333333333333, "wallaby": 3910.7999999999997, "food_carrot_stew": 54.362962962962975, "meerkat": 303.0, "copper": 1312.2424242424242, "reed_bundle": 106.14204777586271, "savannah_grass_dried": 44.376666666666665, "food_coco_porridge": 821.6444444444445, "radish": 4.3999999999999995, "pandanus_fruit": 967.4324324324324, "fishing_lure": 18.0, "pig_truffle": 14160.0, "jasper": 141.33333333333334, "duck": 894.0, "sheep": 2914.0, "horse": 4771.0, "royal_violet": 145.46666666666667, "small_fish": 36.32941176470588, "food_stuffed_eggplant": 114.1625, "savannah_grass": 5.71, "cow_blue": 6920.0, "energy": 4.0, "gold_brick": 276.8216216216216, "shell": 0.6, "blue_guppy": 154.13333333333333, "sheep_black": 3096.0, "flax": 585.4, "glass": 150.0, "strawberries": 61.0, "shark_hammerhead": 99.14285714285714, "rooster": 428.0, "ruby": 40.0, "bug": 94.93333333333334, "onions_black": 37.46666666666667, "food_radish_salad": 2.4999999999999996, "gold_fish": 194.13333333333333, "berries_violet": 592.0, "gold_chain": 60.0, "banana": 1560.0, "rope": 20.0, "lion_fish": 82.0, "col_butterfly_pink": 822.6666666666666, "coconut": 2366.0, "reeds": 20.71401592528757, "cat_striped": 972.0, "jute_string": 16.0, "copper_ore": 120.12121212121212, "bees_wax": 212.53333333333333, "pig": 774.0, "honey": 203.2, "diamond": 234.66666666666666, "pergament": 120.0, "screws": 704.6646042514699, "doubloon_gold": 552.1081081081081, "koala": 2146.0, "lemon": 598.0, "boot": 85.47226890756302, "dog_lab": 3280.0, "stone_brick": 14.4, "elephant": 6133.5, "salt": 1.2, "food_reptile": 1210.0, "dog_shep": 3280.0, "mini_shark": 69.46666666666667, "tomatoes": 68.26666666666667, "truffles": 3554.0, "col_butterfly_pear": 839.3333333333333, "iron_ore_small": 82.66666666666667, "salmon": 68.32941176470588, "cement": 173.8, "food_corn_pie": 87.54074074074074, "clownfish": 62.0, "dragon_fruit": 662.6306306306305, "col_butterfly_blue": 3129.0666666666666, "duck_violet": 1036.0, "plank": 12.0, "jellyfish": 68.66666666666667, "food_banana_cake": 520.2, "octopus": 108.66666666666667, "platypus": 1488.8, "dog": 3061.0, "sea_shell": 54.99607843137255, "coal": 220.0, "copper_ore_small": 82.66666666666667, "mango": 844.1201201201201, "obsidian": 72.72727272727273, "egg": 321.22857142857146, "hedgehog": 789.0, "sand_path": 9.0, "flowers_small_red": 19.8, "flowers_small_yellow": 19.8, "flowers_blue": 30.0, "flowers_orange": 30.0, "flowers_white": 30.0, "fern": 19.8, "flower_christmas": 54.0, "pitchfork": 51.0, "steering_wheel": 150.0, "starfish_pink": 36.0, "school_desk": 72.0, "sand_sack": 12.0, "starfish_yellow": 36.0, "starfish_orange": 36.0, "lawn_1": 19.8, "lawn_2": 19.8, "flower_star_color": 36.0, "flower_star_red": 36.0, "flower_tall_pink": 36.0, "flower_tall_yellow": 36.0, "snowdrop": 36.0, "flowers_stump": 24.0, "flowers_red": 36.0, "wisdom_owl": 150.0, "hourglass": 150.0, "table_cocktail": 150.0, "hedge_1": 204.0, "hedge_2": 204.0, "hedge_3": 204.0, "hedge_4": 204.0, "hedge_5": 204.0, "hedge_6": 204.0, "hedge_corner_1": 204.0, "hedge_corner_2": 204.0, "hedge_corner_3": 204.0, "hedge_corner_4": 204.0, "hedge_cross_1": 204.0, "hedge_cross_2": 204.0, "hedge_small": 150.0, "flower_royal_lilly": 48.0, "rose_bed_small": 165.0, "rose_bed_big": 240.0, "tree_cherry": 300.0, "bee_hive": 540.0}