{
	"energy": 4.0,
	"obsidian": 72.72727272727273,
	"thorny_twig": 40.0,
	"bone": 19.047619047619047,
	"jute_string": 16.0,
	"egg": 107.42857142857143,
	"wool": 584.0,
	"milk": 1157.7142857142858,
	"stone_splinter": 26.666666666666668,
	"diamond": 234.66666666666666,
	"citrin": 208.0,
	"jade": 174.66666666666666,
	"jasper": 141.33333333333334,
	"copper_ore_small": 114.66666666666667,
	"iron_ore_small": 86.0952380952381,
	"savannah_rock": 6.666666666666667,
	"savannah_grass": 5.714285714285714,
	"earthworm": 23.52941176470588,
	"pearl": 139.44052287581698,
	"bug": 149.33333333333334,
	"green_worm": 368.0,
	"flax": 580.0,
	"water": 20.0,
	"stone": 10.4,
	"clay": 10.4,
	"corn": 290.6666666666667,
	"berries_violet": 290.0,
	"wood": 2.0,
	"coal": 196.0,
	"fireoil": 1156.0,
	"rope": 20.0,
	"nails": 44.0,
	"straw_bundle": 605.3333333333334,
	"plank": 12.0,
	"cloth": 1312.0,
	"color": 1071.904761904762,
	"clay_ball": 2231.885714285714,
	"clay_brick": 42.4,
	"torch": 1742.095238095238,
	"copper_ore": 1802.21645021645,
	"iron_ore": 1796.0653873489694,
	"iron": 4424.130774697938,
	"stone_brick": 14.4,
	"cement": 172.2,
	"copper": 4672.4329004329,
	"armature": 8896.261549395877,
	"copper_wire": 9392.8658008658,
	"iron_plate": 4448.130774697938,
	"screws": 2723.3388899657552,
	"cloth_flax": 1744.0,
	"rope_flax": 1164.0,
	"iron2": 2279.4285714285716,
	"clay_support": 1925.142857142857,
	"doubloon_gold": 2234.203346203346,
	"doubloon_silver": 2139.6087516087514,
	"doubloon_bronze": 2130.095238095238,
	"savannah_brick": 27.733333333333334,
	"savannah_grass_dried": 44.38095238095238,
	"gold_brick": 605.6978120978121,
	"clay_tile": 22.133333333333333,
	"decorative_brick": 18.4,
	"copper2": 1332.0,
	"bone_necklace": 62.095238095238095,
	"clay_pot": 164.8,
	"machete": 10.555555555555557,
	"machete_better": 19.885714285714286,
	"blossom_cactus": 1156.0,
	"petrol": 474.4,
	"plant_revival": 216.72727272727275,
	"reed_sickle": 64.4784349729066,
	"souvenir_spider": 601.5477124183006,
	"souvenir_star": 1236.6060606060607,
	"souvenir_palm": 805.3333333333333,
	"shell": 0.6,
	"glass": 150,
	"pergament": 120,
	"gold_chain": 60,
	"salt": 1.2,
	"sugar": 2.4,
	"yest": 3.6,
	"candy": 6
}
